"0","library(limma)"
"0","design_mat<- model.matrix(~0+group, pData(eset_filtered))"
"0","colnames(design_mat) <- c(""C.NO"", ""N.MSC"", ""N.MSCplusIM"",""N.IM"")"
"0","print(design_mat)"
"1","  "
"1"," C.NO"
"1"," N.MSC"
"1"," N.MSCplusIM"
"1"," N.IM"
"1","
1 "
"1","    1"
"1","     0"
"1","           0"
"1","    0"
"1","
2 "
"1","    0"
"1","     1"
"1","           0"
"1","    0"
"1","
3 "
"1","    0"
"1","     0"
"1","           1"
"1","    0"
"1","
4 "
"1","    0"
"1","     0"
"1","           0"
"1","    1"
"1","
5 "
"1","    1"
"1","     0"
"1","           0"
"1","    0"
"1","
6 "
"1","    0"
"1","     1"
"1","           0"
"1","    0"
"1","
7 "
"1","    0"
"1","     0"
"1","           1"
"1","    0"
"1","
8 "
"1","    0"
"1","     0"
"1","           0"
"1","    1"
"1","
9 "
"1","    1"
"1","     0"
"1","           0"
"1","    0"
"1","
10"
"1","    0"
"1","     1"
"1","           0"
"1","    0"
"1","
11"
"1","    0"
"1","     0"
"1","           1"
"1","    0"
"1","
12"
"1","    0"
"1","     0"
"1","           0"
"1","    1"
"1","
"
"1","attr(,""assign"")"
"1","
"
"1","[1]"
"1"," 1"
"1"," 1"
"1"," 1"
"1"," 1"
"1","
"
"1","attr(,""contrasts"")"
"1","
"
"1","attr(,""contrasts"")$group
"
"1","[1]"
"1"," ""contr.treatment"""
"1","
"
"1","
"
